run_id,adapter,baseline_adapter,status,final_equity,baseline_equity,final_cash_diff,final_position_diff,final_price_diff,equity_diff,return_diff_pct,fill_count_diff,signal_count_diff,mismatches,notes
bad_data_1m_quality_notes,reference_bar,reference_bar,baseline,100008.36354975,100008.36354975,0.0,0.0,0.0,0.0,0.0,0,0,,duplicate timestamp for SIM at 2024-01-02T14:40:00+00:00 | out-of-order timestamp for SIM at 2024-01-02T14:40:00+00:00 | invalid OHLC range for SIM at 2024-01-02T14:40:00+00:00
bad_data_1m_quality_notes,backtrader,reference_bar,match,100008.36354975,100008.36354975,0.0,0.0,0.0,0.0,0.0,0,0,,duplicate timestamp for SIM at 2024-01-02T14:40:00+00:00 | out-of-order timestamp for SIM at 2024-01-02T14:40:00+00:00 | invalid OHLC range for SIM at 2024-01-02T14:40:00+00:00
bad_data_1m_quality_notes,vectorbt,reference_bar,match,100008.36354975,100008.36354975,0.0,0.0,0.0,0.0,0.0,0,0,,duplicate timestamp for SIM at 2024-01-02T14:40:00+00:00 | out-of-order timestamp for SIM at 2024-01-02T14:40:00+00:00 | invalid OHLC range for SIM at 2024-01-02T14:40:00+00:00
bad_data_1m_quality_notes,pybroker,reference_bar,diff,100011.32804975,100008.36354975,0.0,0.0,0.0,2.9644999999873107,0.0029644999999911548,0,0,final_equity: candidate=100011.32804975 baseline=100008.36354975 | return_pct: candidate=0.011328049749992353 baseline=0.008363549750001198,duplicate timestamp for SIM at 2024-01-02T14:40:00+00:00 | out-of-order timestamp for SIM at 2024-01-02T14:40:00+00:00 | invalid OHLC range for SIM at 2024-01-02T14:40:00+00:00
bad_data_1m_quality_notes,muni,reference_bar,policy_diff,100008.36354975,100008.36354975,0.0,0.0,0.0,0.0,0.0,0,0,,duplicate timestamp for SIM at 2024-01-02T14:40:00+00:00 | out-of-order timestamp for SIM at 2024-01-02T14:40:00+00:00 | invalid OHLC range for SIM at 2024-01-02T14:40:00+00:00
churn_noise_1m_flip_5_high_cost,reference_bar,reference_bar,baseline,99499.87639896448,99499.87639896448,0.0,0.0,0.0,0.0,0.0,0,0,,
churn_noise_1m_flip_5_high_cost,backtrader,reference_bar,match,99499.87639896455,99499.87639896448,7.275957614183426e-11,0.0,0.0,7.275957614183426e-11,6.661338147750939e-14,0,0,,Backtrader volume filler enabled with FixedSize(size=None)
churn_noise_1m_flip_5_high_cost,vectorbt,reference_bar,match,99499.87639896448,99499.87639896448,0.0,0.0,0.0,0.0,0.0,0,0,,
churn_noise_1m_flip_5_high_cost,pybroker,reference_bar,match,99499.87639896446,99499.87639896448,-1.4551915228366852e-11,0.0,0.0,-1.4551915228366852e-11,-2.220446049250313e-14,0,0,,
churn_noise_1m_flip_5_high_cost,muni,reference_bar,match,99499.87639896448,99499.87639896448,0.0,0.0,0.0,0.0,0.0,0,0,,
gap_open_1m_scheduled_entry_exit,reference_bar,reference_bar,baseline,100017.77346196736,100017.77346196736,0.0,0.0,0.0,0.0,0.0,0,0,,
gap_open_1m_scheduled_entry_exit,backtrader,reference_bar,match,100017.77346196734,100017.77346196736,-1.4551915228366852e-11,0.0,0.0,-1.4551915228366852e-11,-2.220446049250313e-14,0,0,,Backtrader volume filler enabled with FixedSize(size=None)
gap_open_1m_scheduled_entry_exit,vectorbt,reference_bar,match,100017.77346196736,100017.77346196736,0.0,0.0,0.0,0.0,0.0,0,0,,
gap_open_1m_scheduled_entry_exit,pybroker,reference_bar,match,100017.77346196736,100017.77346196736,0.0,0.0,0.0,0.0,0.0,0,0,,
gap_open_1m_scheduled_entry_exit,muni,reference_bar,match,100017.77346196736,100017.77346196736,0.0,0.0,0.0,0.0,0.0,0,0,,
last_bar_signal_no_next_fill,reference_bar,reference_bar,baseline,100000.0,100000.0,0.0,0.0,0.0,0.0,0.0,0,0,,
last_bar_signal_no_next_fill,backtrader,reference_bar,match,100000.0,100000.0,0.0,0.0,0.0,0.0,0.0,0,0,,Backtrader volume filler enabled with FixedSize(size=None)
last_bar_signal_no_next_fill,vectorbt,reference_bar,match,100000.0,100000.0,0.0,0.0,0.0,0.0,0.0,0,0,,
last_bar_signal_no_next_fill,pybroker,reference_bar,match,100000.0,100000.0,0.0,0.0,0.0,0.0,0.0,0,0,,
last_bar_signal_no_next_fill,muni,reference_bar,match,100000.0,100000.0,0.0,0.0,0.0,0.0,0.0,0,0,,
liquidity_zero_volume_defer,reference_bar,reference_bar,baseline,100010.53085817069,100010.53085817069,0.0,0.0,0.0,0.0,0.0,0,0,,"zero-volume bar for SIM at 2024-01-02T15:07:00+00:00 | irregular timestamp gap for SIM before 2024-01-02T15:24:00+00:00: expected 0:01:00, got 0:02:00 | zero-volume bar for SIM at 2024-01-02T15:44:00+00:00"
liquidity_zero_volume_defer,backtrader,reference_bar,match,100010.53085817069,100010.53085817069,0.0,0.0,0.0,0.0,0.0,0,0,,"zero-volume bar for SIM at 2024-01-02T15:07:00+00:00 | irregular timestamp gap for SIM before 2024-01-02T15:24:00+00:00: expected 0:01:00, got 0:02:00 | zero-volume bar for SIM at 2024-01-02T15:44:00+00:00"
liquidity_zero_volume_defer,vectorbt,reference_bar,match,100010.53085817069,100010.53085817069,0.0,0.0,0.0,0.0,0.0,0,0,,"zero-volume bar for SIM at 2024-01-02T15:07:00+00:00 | irregular timestamp gap for SIM before 2024-01-02T15:24:00+00:00: expected 0:01:00, got 0:02:00 | zero-volume bar for SIM at 2024-01-02T15:44:00+00:00"
liquidity_zero_volume_defer,pybroker,reference_bar,match,100010.5308581707,100010.53085817069,1.4551915228366852e-11,0.0,0.0,1.4551915228366852e-11,2.220446049250313e-14,0,0,,"zero-volume bar for SIM at 2024-01-02T15:07:00+00:00 | irregular timestamp gap for SIM before 2024-01-02T15:24:00+00:00: expected 0:01:00, got 0:02:00 | zero-volume bar for SIM at 2024-01-02T15:44:00+00:00"
liquidity_zero_volume_defer,muni,reference_bar,match,100010.53085817069,100010.53085817069,0.0,0.0,0.0,0.0,0.0,0,0,,"zero-volume bar for SIM at 2024-01-02T15:07:00+00:00 | irregular timestamp gap for SIM before 2024-01-02T15:24:00+00:00: expected 0:01:00, got 0:02:00 | zero-volume bar for SIM at 2024-01-02T15:44:00+00:00"
partial_volume_1m_scheduled_100,reference_bar,reference_bar,baseline,99971.29490073772,99971.29490073772,0.0,0.0,0.0,0.0,0.0,0,0,,"partial volume-limited fill at 2024-01-02T14:31:00+00:00: requested 100.00000000, filled 25.00000000 | partial volume-limited fill at 2024-01-02T14:32:00+00:00: requested 75.00000000, filled 25.00000000 | partial volume-limited fill at 2024-01-02T14:33:00+00:00: requested 50.00000000, filled 25.00000000"
partial_volume_1m_scheduled_100,backtrader,reference_bar,match,99971.29490073767,99971.29490073772,-4.3655745685100555e-11,0.0,0.0,-4.3655745685100555e-11,-4.440892098500626e-14,0,0,,Backtrader volume filler enabled with FixedSize(size=None)
partial_volume_1m_scheduled_100,vectorbt,reference_bar,match,99971.29490073772,99971.29490073772,0.0,0.0,0.0,0.0,0.0,0,0,,"partial volume-limited fill at 2024-01-02T14:31:00+00:00: requested 100.00000000, filled 25.00000000 | partial volume-limited fill at 2024-01-02T14:32:00+00:00: requested 75.00000000, filled 25.00000000 | partial volume-limited fill at 2024-01-02T14:33:00+00:00: requested 50.00000000, filled 25.00000000"
partial_volume_1m_scheduled_100,pybroker,reference_bar,match,99971.29490073772,99971.29490073772,0.0,0.0,0.0,0.0,0.0,0,0,,"partial volume-limited fill at 2024-01-02T14:31:00+00:00: requested 100.00000000, filled 25.00000000 | partial volume-limited fill at 2024-01-02T14:32:00+00:00: requested 75.00000000, filled 25.00000000 | partial volume-limited fill at 2024-01-02T14:33:00+00:00: requested 50.00000000, filled 25.00000000"
partial_volume_1m_scheduled_100,muni,reference_bar,match,99971.29490073772,99971.29490073772,0.0,0.0,0.0,0.0,0.0,0,0,,"partial volume-limited fill at 2024-01-02T14:31:00+00:00: requested 100.00000000, filled 25.00000000 | partial volume-limited fill at 2024-01-02T14:32:00+00:00: requested 75.00000000, filled 25.00000000 | partial volume-limited fill at 2024-01-02T14:33:00+00:00: requested 50.00000000, filled 25.00000000"
short_round_trip_scheduled,reference_bar,reference_bar,baseline,99954.47283678205,99954.47283678205,0.0,0.0,0.0,0.0,0.0,0,0,,
short_round_trip_scheduled,backtrader,reference_bar,match,99954.47283678205,99954.47283678205,0.0,0.0,0.0,0.0,0.0,0,0,,Backtrader volume filler enabled with FixedSize(size=None)
short_round_trip_scheduled,vectorbt,reference_bar,match,99954.47283678205,99954.47283678205,0.0,0.0,0.0,0.0,0.0,0,0,,
short_round_trip_scheduled,pybroker,reference_bar,match,99954.47283678205,99954.47283678205,0.0,0.0,0.0,0.0,0.0,0,0,,
short_round_trip_scheduled,muni,reference_bar,match,99954.47283678205,99954.47283678205,0.0,0.0,0.0,0.0,0.0,0,0,,
